Region,Registered Social Landlord (RSL) Rent,Council House (Rent),Home Owners' Support (Rent),Total Social Rent,Registered Social Landlord (RSL) Mid Market Rent,Council House Mid Market Rent,Places for People (PfP) Capital (Mid Market Rent  Invitation),"Local Affordable Rent 
(LAR)","Rural and Islands Housing Fund 
(RIHF)",New Supply Shared Equity (NSSE),Council House Shared Equity,Partnership Support for Regeneration (PSR),Open Market Shared Equity (OMSE),Total Affordable,Totals,,,
Islands and Remote,217,5,0,222,0,0,0,0,8,24,0,0,2,34,256,,,
Mainly Rural,1515,894,0,2409,160,10,0,0,36,60,12,8,355,641,3050,,,
Urban and Substantial Rural,2161,1447,7,3615,187,0,0,0,0,47,0,0,66,300,3915,,,
Larger Cities,1207,625,3,1835,313,594,223,6,0,46,0,0,228,1410,3245,,,
,,,,,,,,,,,,,,,,,, 
,,,,,,,,,,,,,,,,,,
,,,,,,,,,,,,,,,,,,
,,,,,,,,,,,,,,,,,,
,,,,,,,,,,,,,,,,,,
,,,,,,,,,,,,,,,,,,
,,,,,,,,,,,,,,,,,,
,,,,,,,,,,,,,,,,,,
,,,,,,,,,,,,,,,,,,
,,,,,,,,,,,,,,,,,,
,,,,,,,,,,,,,,,,,,
,,,,,,,,,,,,,,,,,,
,,,,,,,,,,,,,,,,,,
,,,,,,,,,,,,,,,,,,
,,,,,,,,,,,,,,,,,,
,,,,,,,,,,,,,,,,,,
,,,,,,,,,,,,,,,,,,
,,,,,,,,,,,,,,,,,,
,,,,,,,,,,,,,,,,,,
,,,,,,,,,,,,,,,,,,
,,,,,,,,,,,,,,,,,,
,,,,,,,,,,,,,,,,,,
,,,,,,,,,,,,,,,,,,
,,,,,,,,,,,,,,,,,,
,,,,,,,,,,,,,,,,,,
,,,,,,,,,,,,,,,,,,
,,,,,,,,,,,,,,,,,,
,,,,,,,,,,,,,,,,,,
,,,,,,,,,,,,,,,,,,
,,,,,,,,,,,,,,,,,,
,,,,,,,,,,,,,,,,,,
,,,,,,,,,,,,,,,,,,
,,,,,,,,,,,,,,,,,,
